date,Volume,VWAP,Open,Close,High,Low,Trades,SMA_20,SMA_50,SMA_100
2023-09-08,473899940.0,45.7668,45.942,45.572,46.606,45.271,601877,,,
2023-09-11,473965550.0,44.938,46.148,45.178,46.163,44.312,735216,,,
2023-09-12,349256340.0,45.1759,44.738,44.87,45.673,44.531,493918,,,
2023-09-13,398355350.0,45.4121,44.6,45.485,45.93,44.503,545266,,,
2023-09-14,370097200.0,45.5761,45.95,45.581,45.987,45.131,492419,,,
2023-09-15,506830510.0,44.3166,45.341,43.9,45.599,43.808,682553,,,
2023-09-18,500270790.0,43.5805,42.748,43.966,44.242,42.0,649343,,,
2023-09-19,373064240.0,43.4554,43.833,43.52,43.966,43.002,477287,,,
2023-09-20,367107690.0,43.1309,43.6,42.239,43.903,42.223,505028,,,
2023-09-21,450735960.0,41.4309,41.583,41.017,42.1,40.98,673770,,,
2023-09-22,479236310.0,41.7155,41.572,41.61,42.115,41.231,603482,,,
2023-09-25,419090960.0,42.0972,41.591,42.222,42.536,41.177,539609,,,
2023-09-26,402282090.0,42.1458,42.001,41.911,42.82,41.655,528195,,,
2023-09-27,444935200.0,42.2415,42.33,42.468,42.872,41.629,539450,,,
2023-09-28,424662790.0,42.9396,42.46,43.089,43.4463,42.115,520382,,,
2023-09-29,397829930.0,43.7037,43.827,43.499,44.144,43.3069,479625,,,
2023-10-02,433298210.0,44.6532,44.03,44.782,45.175,43.861,585104,,,
2023-10-03,470849540.0,44.014,44.808,43.517,45.13,43.246,632527,,,
2023-10-04,361820860.0,43.797,43.742,44.041,44.143,43.292,469045,,,
2023-10-05,393483090.0,44.4551,44.05,44.688,44.9,43.888,514684,43.65775,,
2023-10-06,434436020.0,45.135,44.193,45.762,45.789,44.026,566889,43.66725,,
2023-10-09,409674720.0,44.9567,44.842,45.273,45.605,44.368,549355,43.672000000000004,,
2023-10-10,368582080.0,45.8083,45.31,45.798,46.259,45.088,511937,43.7184,,
2023-10-11,378136890.0,46.441,46.196,46.806,46.859,46.05,515462,43.78445,,
2023-10-12,481325000.0,47.0779,46.777,46.945,47.609,46.33,655683,43.85265,,
2023-10-13,475425990.0,45.997,46.96,45.461,47.116,45.28,718281,43.9307,,
2023-10-16,375099240.0,45.8292,45.063,46.095,46.225,44.912,507192,44.03715,,
2023-10-17,812332670.0,43.8716,44.0,43.938,44.754,42.48,1068737,44.05805,,
2023-10-18,627294340.0,42.4139,42.591,42.196,43.219,41.825,921178,44.055899999999994,,
2023-10-19,501233080.0,42.5624,42.811,42.101,43.297,41.882,647577,44.1101,,
2023-10-20,477266050.0,41.615,41.89,41.387,42.47,41.078,607027,44.09895,,
2023-10-23,478530490.0,42.4645,41.229,42.975,43.248,40.945,639908,44.1366,,
2023-10-24,401463370.0,43.2149,43.077,43.663,43.697,42.691,515683,44.224199999999996,,
2023-10-25,398379220.0,42.3941,43.398,41.779,43.65,41.555,573161,44.189750000000004,,
2023-10-26,541001320.0,40.7003,41.853,40.326,42.2556,39.8802,796730,44.05159999999999,,
2023-10-27,416784410.0,40.579,41.13,40.5,41.206,40.015,542550,43.90165,,
2023-10-30,388028140.0,41.0835,41.087,41.161,41.766,40.481,496353,43.720600000000005,,
2023-10-31,517968700.0,40.1835,40.45,40.78,40.879,39.23,674042,43.583749999999995,,
2023-11-01,437592900.0,41.7702,40.884,42.325,42.381,40.869,574236,43.49795,,
2023-11-02,409171870.0,43.3724,43.328,43.506,43.884,42.894,523109,43.43885,,
2023-11-03,424609590.0,44.6275,44.02,45.005,45.309,43.723,575718,43.400999999999996,,
2023-11-06,400733350.0,45.5043,45.2845,45.751,45.935,44.899,519537,43.424899999999994,,
2023-11-07,343165470.0,45.891,45.719,45.955,46.218,45.1575,462231,43.43275,,
2023-11-08,346718940.0,46.4494,46.1,46.574,46.867,45.968,470042,43.42115,,
2023-11-09,540495970.0,47.4962,47.467,46.95,48.23,46.75,707472,43.4214,,
2023-11-10,422441560.0,47.9785,47.5,48.335,48.472,47.283,568069,43.5651,,
2023-11-13,384135700.0,48.7254,48.32,48.62,49.116,48.099,570572,43.69135,,
2023-11-14,416953870.0,49.5322,49.68,49.656,49.834,49.04,605482,43.97725,,
2023-11-15,475497350.0,49.0029,49.935,48.888,49.96,48.2,700224,44.31185000000001,,
2023-11-16,339756240.0,48.978,48.679,49.48,49.5247,48.33,488997,44.6808,44.34292000000001,
2023-11-17,325896910.0,49.369,49.524,49.298,49.717,49.007,462815,45.07635,44.41744,
2023-11-20,416142600.0,49.9569,49.312,50.409,50.548,49.181,661917,45.44805,44.52206,
2023-11-21,565746870.0,49.7739,50.126,49.944,50.517,49.222,855421,45.7621,44.623540000000006,
2023-11-22,900642330.0,48.8052,49.852,48.716,50.3349,47.69,1231000,46.10895,44.688159999999996,
2023-11-24,294644640.0,48.1534,48.47,47.776,48.921,47.745,450795,46.48145,44.732060000000004,
2023-11-27,395661900.0,48.1839,47.8,48.242,48.53,47.652,551722,46.868550000000006,44.818900000000006,
2023-11-28,401490850.0,47.8173,48.236,47.821,48.3229,47.473,567433,47.20155,44.895999999999994,
2023-11-29,382004650.0,48.241,48.379,48.14,48.762,47.86,491670,47.56955,44.9884,
2023-11-30,526246630.0,46.9674,48.024,46.77,48.11,46.422,677681,47.7918,45.07902,
2023-12-01,369317010.0,46.7447,46.525,46.765,47.2,46.187,537777,47.954750000000004,45.19398,
2023-12-04,437543440.0,45.4364,46.077,45.51,46.077,45.01,689957,47.980000000000004,45.27197999999999,
2023-12-05,371717620.0,46.1555,45.466,46.566,46.6,45.271,546191,48.02075000000001,45.35886000000001,
2023-12-06,380589550.0,46.2359,47.2145,45.503,47.387,45.412,544947,47.998149999999995,45.43070000000001,
2023-12-07,350822550.0,46.2735,45.7,46.596,46.629,45.604,470830,47.99925,45.51326,
2023-12-08,359223700.0,47.3927,46.595,47.506,47.7409,46.55,516810,48.027049999999996,45.6016,
2023-12-11,509728090.0,46.5326,47.491,46.627,47.531,45.83,699983,47.941649999999996,45.66416,
2023-12-12,372386860.0,47.1444,46.046,47.657,47.666,46.046,508848,47.893499999999996,45.72166,
2023-12-13,447791860.0,48.1782,47.629,48.088,48.594,47.608,575015,47.8151,45.81308,
2023-12-14,391231740.0,48.1291,48.39,48.35,48.67,47.422,557230,47.7882,45.89926,
2023-12-15,479947580.0,48.9407,48.194,48.89,49.404,48.12,562042,47.758700000000005,45.9833,
2023-12-18,412587170.0,49.8976,49.4,50.077,50.433,49.15,623084,47.797650000000004,46.0696,
2023-12-19,464444460.0,49.3148,49.424,49.604,49.7,48.895,640965,47.757400000000004,46.156220000000005,
2023-12-20,397894390.0,49.1798,49.655,48.111,49.999,48.098,549005,47.665749999999996,46.20248000000001,
2023-12-21,300425350.0,48.7442,48.811,48.99,49.095,48.419,430621,47.679449999999996,46.24616,
2023-12-22,252506760.0,48.9787,49.195,48.83,49.383,48.467,383378,47.732150000000004,46.28386,
2023-12-26,244199520.0,49.3568,48.968,49.279,49.6,48.96,353288,47.784,46.360220000000005,
2023-12-27,233647980.0,49.3587,49.511,49.417,49.68,49.085,336998,47.863800000000005,46.42666,
2023-12-28,246587480.0,49.6423,49.643,49.522,49.884,49.412,371343,47.932900000000004,46.53834,
2023-12-29,389293300.0,49.5198,49.813,49.522,49.997,48.751,520969,48.070499999999996,46.68486,
2024-01-02,411254220.0,48.0662,49.244,48.168,49.295,47.595,680132,48.14065,46.8062,
2024-01-03,320896170.0,47.6677,47.485,47.569,48.1841,47.32,493457,48.2436,46.929840000000006,
2024-01-04,306534890.0,48.0897,47.767,47.998,48.5,47.508,454827,48.3152,47.030300000000004,
2024-01-05,415039270.0,49.0195,48.462,49.097,49.547,48.306,556258,48.4949,47.138980000000004,
2024-01-08,642509900.0,51.3375,49.512,52.253,52.275,49.479,946945,48.777750000000005,47.34846,
2024-01-09,773100060.0,53.1156,52.401,53.14,54.325,51.69,1005779,49.059450000000005,47.60474,
2024-01-10,533795760.0,54.1639,53.616,54.35,54.6,53.489,751758,49.4456,47.88174,
2024-01-11,596758770.0,54.5997,54.999,54.822,55.346,53.56,814182,49.80385,48.15496,
2024-01-12,352993600.0,54.6707,54.62,54.71,54.97,54.3301,487145,50.134949999999996,48.43356,
2024-01-16,449579730.0,56.1219,55.018,56.382,56.835,54.9,686944,50.53655,48.7147,
2024-01-17,474394440.0,55.6716,56.347,56.053,56.4707,54.74,665715,50.8947,48.96564,
2024-01-18,491650360.0,57.0793,57.26,57.107,57.6,56.107,722052,51.2462,49.20768,
2024-01-19,543501480.0,58.5409,57.989,59.491,59.5,57.225,807789,51.740550000000006,49.482479999999995,
2024-01-22,452954630.0,59.7767,60.049,59.654,60.331,59.07,746833,52.3177,49.75646,
2024-01-23,294654450.0,59.4725,59.57,59.873,59.91,58.585,506527,52.861850000000004,50.022439999999996,
2024-01-24,560270760.0,61.7176,60.304,61.362,62.849,59.938,880163,53.48845,50.310680000000005,
2024-01-25,482776840.0,61.9052,62.35,61.617,62.719,60.85,772973,54.10535,50.57632,
2024-01-26,390308590.0,61.1516,60.96,61.031,61.783,60.573,606912,54.68605,50.824540000000006,
2024-01-29,348732980.0,61.8645,61.232,62.465,62.489,60.907,565953,55.3332,51.08072,
2024-01-30,410735300.0,62.8595,62.9,62.774,63.493,62.26,660019,55.995799999999996,51.35844,
2024-01-31,453794870.0,61.5108,61.44,61.527,62.269,60.7,701640,56.66375000000001,51.599380000000004,47.971149999999994
2024-02-01,369145790.0,62.4717,62.1,63.027,63.191,61.65,599646,57.43665,51.87396,48.1457
2024-02-02,476577650.0,65.6028,63.974,66.16,66.6,63.69,813526,58.34475,52.18898,48.35552
2024-02-05,680078010.0,68.6607,68.225,69.332,69.497,67.205,1160230,59.356500000000004,52.57674,48.60014
2024-02-06,683111360.0,67.8474,69.63,68.223,69.754,66.3,1223707,60.154999999999994,52.96688,48.82752000000001
2024-02-07,495574550.0,69.2666,68.319,70.099,70.22,67.6,839834,61.00295000000001,53.41334,49.072700000000005
2024-02-08,414422110.0,70.0906,70.074,69.641,70.794,69.455,717947,61.7675,53.84132,49.33011
2024-02-09,436636890.0,71.4565,70.533,72.133,72.185,70.212,773568,62.633050000000004,54.327560000000005,49.611779999999996
2024-02-12,613710180.0,72.881,72.6,72.248,74.611,71.25,1078959,63.50995,54.80972,49.89906
2024-02-13,602580150.0,71.967,70.4,72.128,73.45,69.62,1062434,64.29724999999999,55.31688,50.19795
2024-02-14,504917420.0,73.2461,73.202,73.9,74.236,71.938,854412,65.18960000000001,55.859579999999994,50.52678
2024-02-15,420121810.0,73.0294,73.869,72.658,73.975,72.4,806555,65.96715,56.40254000000001,50.83725999999999
2024-02-16,495326620.0,73.4282,74.1,72.613,74.402,72.501,898213,66.62325,56.92348,51.14117
2024-02-20,704833100.0,69.0538,71.947,69.452,71.956,67.734,1568244,67.11314999999999,57.40245999999999,51.41658
2024-02-21,690298130.0,68.351,68.006,67.472,68.888,66.248,1617873,67.4931,57.819979999999994,51.66662
2024-02-22,865099740.0,77.2824,75.025,78.538,78.575,74.22,1827501,68.3519,58.440619999999996,52.02111
2024-02-23,829388370.0,79.8955,80.79,78.817,82.394,77.57,1644222,69.2119,59.08442,52.374289999999995
2024-02-26,503972730.0,79.5584,79.7,79.092,80.646,78.505,975739,70.11495,59.713119999999996,52.71739
2024-02-27,391705240.0,78.7656,79.381,78.701,79.48,77.162,758325,70.92675,60.32538,53.06923
2024-02-28,393110400.0,77.9578,77.62,77.663,78.933,77.125,737984,71.6712,60.911640000000006,53.40545
2024-02-29,507288980.0,79.2564,79.094,79.112,79.99,78.35,764736,72.55045,61.516079999999995,53.74969
2024-03-01,479135100.0,81.3682,80.0,82.279,82.3,79.435,975905,73.51304999999999,62.16012,54.11486
2024-03-04,615616450.0,85.7211,84.13,85.237,87.695,83.719,1323065,74.46690000000001,62.87277999999999,54.514500000000005
2024-03-05,520639300.0,84.9834,85.27,85.964,86.097,83.417,1036771,75.2985,63.629839999999994,54.91616
2024-03-06,582520300.0,88.4523,88.022,88.7,89.724,87.03,1116153,76.32235,64.42404,55.335100000000004
2024-03-07,608119160.0,91.6171,90.158,92.669,92.767,89.602,1256063,77.45084999999999,65.30082,55.79234
2024-03-08,1142269060.0,91.0655,95.1379,87.528,97.4,86.506,2561403,78.3452,66.0658,56.213010000000004
2024-03-11,678364120.0,86.6503,86.429,85.774,88.797,84.166,1494061,79.02725000000001,66.79294,56.60979999999999
2024-03-12,668075150.0,89.7153,88.049,91.913,91.96,86.1501,1336881,80.01050000000001,67.64076,57.08955
2024-03-13,635712890.0,89.9592,91.055,90.888,91.504,88.435,1295442,80.9485,68.46808,57.57647
2024-03-14,602318160.0,88.0826,89.577,87.944,90.646,86.6,1249654,81.6507,69.2636,58.03490000000001
2024-03-15,642086160.0,88.241,86.93,87.8365,89.546,86.257,1031106,82.409625,70.06895,58.49939499999999
2024-03-18,668975930.0,89.3456,90.388,88.455,92.405,87.085,1373021,83.201725,70.87808999999999,58.954195
2024-03-19,672171270.0,87.8605,86.7,89.398,90.544,85.01,1372136,84.19902499999999,71.68411,59.411545
2024-03-20,479062790.0,89.3828,89.797,90.372,90.41,88.223,952627,85.344025,72.44649,59.89747500000001
2024-03-21,480372310.0,91.6443,92.3,91.435,92.648,90.405,1005134,85.988875,73.21239,60.408564999999996
2024-03-22,586719360.0,93.5181,91.141,94.289,94.778,90.834,1161164,86.762475,74.01117,60.94645500000001
2024-03-25,552136080.0,95.4481,93.941,95.002,96.766,93.51,1113330,87.557975,74.81477,61.484865
2024-03-26,513647580.0,94.4526,95.851,92.561,96.375,92.502,984594,88.25097500000001,75.57179000000001,62.002674999999996
2024-03-27,586067230.0,90.3244,93.112,90.25,93.24,89.123,1189235,88.880325,76.24915,62.48192499999999
2024-03-28,435212270.0,90.5004,90.0,90.356,91.3,89.193,771056,89.442525,76.93521,62.950425
2024-04-01,452441490.0,90.5143,90.299,90.363,92.225,89.204,872235,89.846725,77.60033,63.404005
2024-04-02,433063550.0,88.9609,88.448,89.452,90.094,87.62,838080,90.05747500000001,78.19955,63.841015
2024-04-03,370066550.0,89.5453,88.484,88.964,90.374,88.4,698937,90.207475,78.78575,64.27110499999999
2024-04-04,434964920.0,88.3499,90.406,85.905,90.634,85.88,892810,90.067725,79.30639000000001,64.664415
2024-04-05,399678460.0,87.5842,86.866,88.008,88.481,85.926,788317,89.834675,79.83931,65.074995
2024-04-08,283220000.0,87.4278,88.7,87.133,88.83,86.732,643890,89.814925,80.34962999999999,65.462975
2024-04-09,503547350.0,84.8175,87.442,85.354,87.635,83.022,1086603,89.79392499999999,80.83609,65.830315
2024-04-10,431928530.0,86.3739,83.926,87.039,87.4,83.709,869833,89.55022499999998,81.32757000000001,66.204145
2024-04-11,431637270.0,89.0982,87.42,90.616,90.739,86.926,893266,89.536625,81.88441,66.621425
2024-04-12,426804790.0,88.7371,89.699,88.186,90.175,87.53,844483,89.548725,82.41759,67.00848500000001
2024-04-15,443076950.0,88.1206,89.098,86.001,90.613,85.929,924636,89.45694999999999,82.87707,67.375515
2024-04-16,370453020.0,87.2648,86.4325,87.415,88.118,86.0639,718364,89.40495,83.30217,67.745575
2024-04-17,495399510.0,85.6896,88.34,84.035,88.775,83.95,973568,89.13680000000001,83.59622999999999,68.086485
2024-04-18,447260340.0,84.7627,84.97,84.671,86.19,82.402,837609,88.85175000000001,83.92519,68.446035
2024-04-19,875198000.0,79.6366,83.15,76.2,84.324,75.606,1766352,88.09,84.04720999999999,68.730275
2024-04-22,596340510.0,78.6079,78.104,79.518,80.073,76.4,1227187,87.35145,84.24475000000001,69.043035
2024-04-23,438559370.0,81.9257,80.769,82.423,82.769,80.264,868370,86.7225,84.45054999999998,69.389055
2024-04-24,512207530.0,81.3232,83.95,79.677,84.082,79.183,1011396,86.0783,84.59913,69.704425
2024-04-25,424640730.0,81.7226,78.868,82.632,83.323,78.223,877533,85.69739999999999,84.80921000000001,70.063045
2024-04-26,551010780.0,86.636,83.818,87.735,88.3309,83.387,1062174,85.56635,85.08590999999998,70.47274499999999
2024-04-29,388970760.0,87.0561,87.595,87.757,87.992,85.266,766266,85.43605,85.38789000000001,70.895215
2024-04-30,363708700.0,87.2164,87.24,86.402,88.819,86.3,711698,85.28354999999999,85.66367,71.293575
2024-05-01,559863170.0,83.5472,85.077,83.041,86.0,81.2546,1087885,84.98740000000001,85.93545,71.66895500000001
2024-05-02,377897540.0,84.9912,84.449,85.817,86.237,83.2,693554,84.983,86.30235,72.061165
2024-05-03,398340720.0,88.3395,87.789,88.789,89.281,87.04,785566,85.02205000000001,86.50737000000001,72.473995
2024-05-06,376202550.0,91.3588,89.39,92.14,92.22,89.055,834439,85.27239999999999,86.77383000000002,72.929125
2024-05-07,437341610.0,90.5684,91.098,90.554,91.781,89.011,835435,85.53240000000001,87.00307,73.35809499999999
2024-05-08,325721020.0,90.3145,89.4825,90.412,91.194,89.42,621213,85.70105000000001,87.23728999999999,73.781335
2024-05-09,378012680.0,89.0989,90.529,88.747,91.072,88.231,715057,85.6076,87.45897000000001,74.185305
2024-05-10,335325410.0,90.0519,90.3045,89.878,91.401,89.227,677374,85.6922,87.67429,74.595185
2024-05-13,289680170.0,90.1269,90.478,90.399,90.998,88.529,623995,85.9121,87.83669,74.998405
2024-05-14,296507080.0,90.7006,89.599,91.356,91.651,88.934,617287,86.10915,87.95907,75.415925
2024-05-15,417735450.0,93.8971,92.472,94.63,94.862,91.599,909024,86.6389,88.13239,75.881115
2024-05-16,323951820.0,94.9385,94.91,94.359,95.819,94.103,690246,87.1233,88.24557,76.334805
2024-05-17,359691030.0,93.1529,94.369,92.479,94.74,91.806,713922,87.93725,88.24177,76.771295
2024-05-20,318764460.0,94.6688,93.75,94.78,95.2,93.44,724694,88.70035,88.38681000000001,77.226305
2024-05-21,328946460.0,94.5709,93.599,95.386,95.4,93.18,737743,89.3485,88.57905000000001,77.685995
2024-05-22,548647990.0,95.6206,95.459,94.95,96.02,93.249,1385471,90.11215,88.63978999999999,78.140275
2024-05-23,835065280.0,103.8416,102.028,103.799,106.32,101.52,2016780,91.17049999999999,88.89801,78.683045
2024-05-24,429493670.0,104.8935,104.449,106.469,106.475,103.0,992150,92.1072,89.26850999999999,79.266055
2024-05-28,652727890.0,112.6307,110.244,113.901,114.939,109.883,1706147,93.4144,89.7898,79.929375
2024-05-29,557441930.0,113.9023,113.05,114.825,115.492,110.901,1361445,94.83554999999998,90.31720000000001,80.597645
2024-05-30,487350330.0,113.0815,114.65,110.5,115.8192,109.663,1251362,96.20849999999999,90.73924000000001,81.211675
2024-05-31,613262500.0,109.5759,112.52,109.633,112.717,106.94,1294733,97.3993,91.12446,81.785475
2024-06-03,438391760.0,113.6685,113.621,115.0,115.0,112.003,1187574,98.70984999999999,91.59576000000001,82.40407499999999
2024-06-04,403324010.0,115.2975,115.716,116.437,116.6,114.045,1056061,99.9247,92.03872,83.02494499999999
2024-06-05,528401780.0,120.421,118.371,122.44,122.4495,117.468,1410118,101.51899999999999,92.58748,83.70112499999999
2024-06-06,664696190.0,121.1279,124.048,120.998,125.587,118.32,1912084,103.0483,93.15622000000002,84.36400499999999
2024-06-07,412385800.0,120.0427,119.77,120.888,121.6917,118.022,1119491,104.65535,93.76898000000001,85.009065
2024-06-10,314162650.0,121.1155,120.37,121.79,195.95,117.01,2798759,106.25094999999999,94.39766,85.66643499999998
2024-06-11,222551158.0,120.8386,121.77,120.91,122.87,118.74,1805422,107.77650000000001,95.0086,86.304465
2024-06-12,299595001.0,125.1705,123.06,125.2,126.88,122.57,2024530,109.46869999999998,95.72355999999999,86.96155499999999
2024-06-13,260704537.0,128.8073,129.39,129.61,129.8,127.16,1895034,111.21770000000001,96.53648000000001,87.66111500000001
2024-06-14,309320376.0,131.2028,129.96,131.88,132.84,128.32,2139338,113.09375,97.45598000000001,88.38118499999999
2024-06-17,288504444.0,131.7099,132.99,130.98,133.73,129.58,2129586,115.01880000000001,98.31541999999999,89.07736500000001
2024-06-18,294335054.0,134.2899,131.14,135.58,136.33,130.69,2094327,117.05879999999999,99.28435999999999,89.816995
2024-06-20,517768425.0,134.9879,139.8,130.78,140.76,129.52,4054160,118.82849999999999,100.19287999999999,90.51448500000001
2024-06-21,655484664.0,126.9651,127.12,126.57,130.63,124.3,3275090,120.40950000000001,100.9835,91.155535
2024-06-24,476060866.0,120.3857,123.24,118.11,124.46,118.04,3695132,121.12505000000002,101.53338,91.708895
2024-06-25,425787456.0,123.6267,121.2,126.09,126.5,119.32,2612448,122.1061,102.29146,92.354525
2024-06-26,362975918.0,125.0824,126.13,126.4,128.12,122.6,2344732,122.73105000000001,103.09944,92.988255
2024-06-27,252571693.0,124.2968,124.1,123.99,126.41,122.92,1568643,123.1893,103.83094000000001,93.566555
2024-06-28,315516740.0,124.7805,124.58,123.54,127.71,122.75,1766932,123.8413,104.62104000000001,94.10863499999999
2024-07-01,284885534.0,122.7261,123.47,124.3,124.84,118.83,1916767,124.57464999999999,105.41362,94.66940499999998
2024-07-02,218373969.0,122.2874,121.13,122.67,123.41,121.03,1485578,124.95815,106.34302,95.195115
2024-07-03,215748955.0,125.2315,121.66,128.28,128.28,121.36,1539314,125.55030000000002,107.31826000000001,95.781505
2024-07-05,214176689.0,127.0084,127.38,125.83,128.85,125.68,1599103,125.7198,108.1864,96.31847499999999
2024-07-08,237677322.0,128.5819,127.49,128.2,130.77,127.04,1727969,126.0799,109.15686,96.877995
2024-07-09,287020820.0,131.3782,130.35,131.38,133.82,128.65,1935856,126.6045,110.13182,97.47051499999999
2024-07-10,248978569.0,134.2217,134.03,134.91,135.1,132.42,1721405,127.26050000000001,111.07532,98.080615
2024-07-11,374782738.0,130.1267,135.75,127.4,136.15,127.05,3011881,127.585,111.86818,98.628035
2024-07-12,252680535.0,129.8742,128.26,129.24,131.92,127.22,1739258,127.787,112.72494,99.194305
2024-07-15,208326164.0,128.8513,130.56,128.44,131.39,127.18,1685022,127.72849999999998,113.63292,99.784185
2024-07-16,214769515.0,126.2883,128.44,126.36,129.04,124.58,1644381,127.45249999999999,114.44377999999999,100.37306500000001
2024-07-17,390086189.0,119.0147,121.35,117.99,121.85,116.72,3385334,126.803,115.02780000000001,100.767585
2024-07-18,320979530.0,119.8376,121.85,121.09,122.4,116.56,2406040,126.07849999999999,115.60679999999998,101.19031500000001
2024-07-19,217223800.0,119.0038,120.35,117.93,121.6,117.37,1613498,125.436,116.15432000000001,101.57869500000001
2024-07-22,258068943.0,122.4333,120.35,123.54,124.07,119.86,1720699,125.28450000000001,116.81688,102.027085
2024-07-23,173910983.0,123.212,122.78,122.59,124.69,122.1,1308702,125.5085,117.49374,102.476355
2024-07-24,327776884.0,116.336,119.17,114.25,119.95,113.44,2515415,124.91650000000001,117.98118000000001,102.82773499999999
2024-07-25,460067019.0,112.7374,113.04,112.28,116.63,106.3,3637632,124.2105,118.41879999999999,103.12774500000002
2024-07-26,293399073.0,113.5171,116.19,113.06,116.2,111.58,1840632,123.66399999999999,118.85288,103.405975
2024-07-29,248152068.0,113.1562,113.69,111.59,116.28,111.3,1626151,123.06649999999999,119.19208,103.662235
2024-07-30,486833274.0,105.7571,111.52,103.73,111.99,102.54,3512361,122.03800000000001,119.3795,103.81253500000001
2024-07-31,473174182.0,115.3992,112.9,117.02,118.34,110.88,2931761,121.75550000000001,119.87032,104.056045
2024-08-01,523462326.0,112.0842,117.53,109.21,120.16,106.8104,3403077,120.80199999999999,120.15892,104.272865
2024-08-02,482027464.0,105.4549,103.76,107.27,108.72,101.37,3599286,119.874,120.39659999999999,104.48782499999999
2024-08-05,552842375.0,98.9778,92.06,100.45,103.41,90.69,4742029,118.4865,120.50659999999999,104.57319500000001
2024-08-06,409012089.0,104.9146,103.84,104.25,107.71,100.55,2769475,117.13,120.51562,104.706815
2024-08-07,411440423.0,102.9205,107.81,98.91,108.8,98.69,2815244,115.33000000000001,120.36444000000002,104.81647500000001
2024-08-08,391910023.0,102.8457,102.0,104.97,105.5,97.52,2575270,114.2085,120.18582,104.98781
2024-08-09,290844157.0,104.896,105.64,104.75,106.6,103.43,1877403,112.984,119.98431999999998,105.15075999999999
2024-08-12,325559870.0,109.1402,106.32,109.02,111.07,106.26,2097337,112.01299999999999,119.95472,105.34698
2024-08-13,312646660.0,114.5345,112.44,116.14,116.23,111.58,2004702,111.502,120.08485999999999,105.60466000000001
2024-08-14,339246407.0,116.8819,118.53,118.08,118.6,114.07,2113443,111.50649999999999,120.14645999999999,105.87110999999999
2024-08-15,318086673.0,121.4398,118.76,122.86,123.24,117.47,1922786,111.595,120.27492000000001,106.15682000000001
2024-08-16,302589872.0,123.6872,121.94,124.58,125.0,121.18,1734119,111.92749999999998,120.31772000000001,106.4526
2024-08-19,318333577.0,127.0945,124.28,130.0,130.0,123.42,1931131,112.25049999999999,120.49776,106.82699000000001
2024-08-20,300087415.0,127.8132,128.4,127.25,129.88,125.89,1880955,112.48349999999998,120.625,107.19699
2024-08-21,257883572.0,128.1194,127.315,128.5,129.35,126.66,1536510,113.19599999999998,120.7592,107.57843000000001
2024-08-22,376189076.0,126.2928,130.02,123.74,130.75,123.1,2223729,113.769,120.8158,107.9122
2024-08-23,323230332.0,128.146,125.86,129.37,129.6,125.22,2023760,114.5845,120.89920000000001,108.31138000000001
2024-08-26,331964672.0,127.2543,129.57,126.46,131.26,124.37,2151679,115.328,120.83619999999999,108.68634
2024-08-27,303134573.0,127.6165,125.05,128.3,129.2,123.88,1842908,116.5565,120.76459999999999,109.11029
2024-08-28,448101115.0,124.6532,128.12,125.61,128.33,122.64,3217206,116.98599999999999,120.65719999999999,109.48630999999999
2024-08-29,453023305.0,120.4049,121.355,117.59,124.43,116.71,3447866,117.405,120.2974,109.79088
2024-08-30,333751583.0,119.1339,119.53,119.37,121.75,117.22,1932949,118.00999999999999,120.0692,110.13104000000001
2024-09-03,477155100.0,110.333,116.01,108.0,116.21,107.29,3649473,118.3875,119.69779999999999,110.34065000000001
2024-09-04,372470291.0,107.3034,105.41,106.21,113.27,104.12,2584044,118.4855,119.4598,110.49659
2024-09-05,306850696.0,107.4052,104.985,107.21,109.65,104.76,2073881,118.9005,119.0822,110.68683000000001
2024-09-06,413638098.0,103.3673,108.04,102.83,108.15,100.95,2872335,118.7935,118.6108,110.85512
2024-09-09,273912015.0,105.437,104.88,106.47,106.55,103.69,1698023,118.87950000000001,118.26039999999999,111.04566999999999
2024-09-10,268283736.0,107.054,107.81,108.1,109.4,104.95,1661102,118.8335,117.9516,111.28631999999999
2024-09-11,441422370.0,112.5857,109.39,116.91,117.19,107.42,2694547,118.872,117.80380000000001,111.60871000000002
2024-09-12,367100496.0,118.9042,116.84,119.14,120.79,115.38,2375991,118.925,117.7332,112.03811
2024-09-13,238358328.0,119.0008,119.08,119.1,119.955,117.6,1515679,118.73700000000001,117.5496,112.43393
2024-09-16,248772308.0,116.5465,116.79,116.78,118.18,114.36,1550527,118.34700000000001,117.36859999999999,112.7775
2024-09-17,231925876.0,116.5478,118.17,115.59,118.8,114.83,1475546,117.62650000000001,117.1164,113.13663000000001
2024-09-18,310318937.0,115.0218,115.89,113.37,117.7,113.22,1857175,116.9325,116.75619999999999,113.44400999999999
2024-09-19,293506438.0,118.5264,117.35,117.87,119.66,117.25,1829283,116.401,116.41539999999999,113.74536
2024-09-20,382462428.0,116.4068,117.06,116.0,118.6181,115.3901,1540990,116.01399999999998,116.1874,114.02779000000001
2024-09-23,206228490.0,115.999,116.55,116.26,116.99,114.86,1275979,115.3585,115.92779999999999,114.32637000000001
2024-09-24,354966772.0,119.6131,116.515,120.87,121.8,115.38,1971981,115.079,115.7764,114.70466
2024-09-25,284692948.0,123.5712,122.02,123.51,124.94,121.61,1733184,114.8395,115.71940000000001,115.08158999999999
2024-09-26,302582868.0,124.5573,126.8,124.04,127.665,121.8,1833058,114.76100000000001,115.84039999999999,115.43410000000002
2024-09-27,271009175.0,121.1492,123.97,121.4,124.03,119.26,1770388,114.95150000000001,115.84660000000002,115.7267
2024-09-30,227053651.0,120.3433,118.31,121.44,121.5,118.15,1416476,115.05500000000002,115.91680000000001,116.03556
2024-10-01,302094485.0,117.8678,121.765,117.0,122.4351,115.79,2009326,115.50500000000002,115.786,116.30144
2024-10-02,221845887.0,118.227,116.44,118.85,119.38,115.14,1327167,116.13700000000001,115.7112,116.60247
2024-10-03,277117973.0,122.6236,120.92,122.85,124.36,120.3401,1713953,116.91900000000001,115.8832,116.93218999999999
2024-10-04,244465552.0,123.9913,124.94,124.92,125.04,121.83,1511342,118.02350000000001,116.13600000000001,117.2774
2024-10-07,346250233.0,128.1375,124.99,127.72,130.64,124.95,2250022,119.08599999999998,116.4292,117.64103999999999
2024-10-08,285722485.0,131.9217,130.26,132.89,133.48,129.42,1852695,120.32549999999999,116.85519999999998,118.02364000000001
2024-10-09,246191612.0,132.761,134.11,132.65,134.52,131.38,1577938,121.1125,117.43360000000001,118.40655000000001
2024-10-10,242311337.0,133.9104,131.91,134.81,135.0,131.0,1536673,121.896,117.78939999999999,118.82986
2024-10-11,170209474.0,134.8548,134.01,134.8,135.78,133.66,1203774,122.681,118.3012,119.23006000000001
2024-10-14,232347668.0,138.3571,136.47,138.07,139.6,136.3,1590610,123.74550000000002,118.91720000000001,119.65690000000001
2024-10-15,377831021.0,132.4297,137.87,131.6,138.57,128.74,2604627,124.546,119.5402,120.0234
2024-10-16,264879720.0,134.4792,133.98,135.72,136.62,131.58,1616789,125.6635,120.1696,120.34261000000001
2024-10-17,306435921.0,138.9549,139.34,136.93,140.89,136.87,1992541,126.61650000000002,120.93,120.64722
2024-10-18,176090184.0,138.1008,138.665,138.0,138.9,137.28,1081509,127.71650000000002,121.59060000000001,120.88821
2024-10-21,264554514.0,141.4973,138.13,143.71,143.71,138.0,1782070,129.089,122.3698,121.17706
2024-10-22,226311589.0,143.3149,142.91,143.59,144.42,141.78,1502933,130.225,123.06119999999999,121.50796
2024-10-23,285930038.0,139.7034,142.03,139.56,142.43,137.46,1916981,131.02749999999997,123.52960000000002,121.80723
2024-10-24,172354888.0,140.003,140.82,140.41,141.35,138.46,1226518,131.846,123.9762,122.06133000000001
2024-10-25,205122109.0,142.5493,140.93,141.54,144.13,140.8,1410935,132.853,124.3498,122.31236000000001
2024-10-28,173586745.0,141.1529,143.0,140.52,143.14,140.05,1258121,133.807,124.66860000000001,122.49316
2024-10-29,157593634.0,140.9995,140.285,141.25,142.2598,138.9,1163074,135.01950000000002,124.8936,122.69568000000001
2024-10-30,179418082.0,139.3031,139.54,139.335,140.33,136.81,1306261,136.04375,125.1353,122.88015
2024-10-31,270039641.0,133.7021,137.6,132.76,137.61,132.1106,1998937,136.53924999999998,125.22049999999999,122.98985
2024-11-01,207127838.0,136.0156,134.7,135.4,137.31,134.57,1423974,137.06324999999998,125.45370000000001,123.13474999999998
2024-11-04,187528173.0,137.3872,137.21,136.05,138.96,135.57,1369192,137.47975000000002,125.58730000000001,123.24325
2024-11-05,160537373.0,139.3233,137.45,139.91,140.3701,137.33,1158212,137.83075000000002,125.8563,123.34625
2024-11-06,242043945.0,144.6175,142.96,145.61,146.49,141.96,1849169,138.47875000000002,126.2025,123.48355000000001
2024-11-07,207323303.0,148.0286,146.39,148.88,148.93,146.17,1460795,139.18225,126.6679,123.66255
2024-11-08,175665830.0,147.7011,148.77,147.63,149.77,146.26,1367279,139.82375,127.26870000000001,123.78304999999999
2024-11-11,182325620.0,145.5616,148.68,145.26,148.85,143.57,1521436,140.18325,127.78650000000002,123.92784999999999
2024-11-12,198634738.0,147.9869,146.78,148.29,149.65,146.01,1464181,141.01775,128.59230000000002,124.14505000000001
2024-11-13,191903267.0,147.1075,149.07,146.27,149.33,145.9,1330924,141.54525,129.39350000000002,124.42665000000001
2024-11-14,194463301.0,147.31,147.64,146.76,149.0,145.55,1304856,142.03674999999998,130.1845,124.63335
2024-11-15,250132869.0,142.3468,144.87,141.98,145.24,140.08,1862710,142.23575,130.9675,124.78915
2024-11-18,221865993.0,139.6735,139.5,140.15,141.55,137.15,1762599,142.05775,131.6411,124.95075000000001
2024-11-19,227834912.0,144.6168,141.32,147.01,147.13,140.99,1573490,142.22875000000002,132.4193,125.18545
2024-11-20,309871654.0,144.7234,147.41,145.89,147.56,142.73,2398911,142.54525,132.9989,125.40135000000001
2024-11-21,400946570.0,145.9707,149.35,146.67,152.89,140.7,2913666,142.85825,133.5495,125.64135
2024-11-22,236406154.0,142.8804,145.93,141.95,147.16,141.1,1870215,142.87875,134.0065,125.77805000000001
2024-11-25,344941875.0,137.258,141.99,136.02,142.05,135.82,2405587,142.65375,134.3913,125.87995
2024-11-26,190287654.0,137.0172,137.7,136.92,139.3,135.67,1421364,142.43725,134.8179,125.96715
2024-11-27,226370912.0,133.7682,135.01,135.34,137.22,131.8,1739345,142.2375,135.25730000000001,126.00675
2024-11-29,141863156.0,138.1544,136.78,138.25,139.35,136.05,905022,142.512,135.66490000000002,126.04015
2024-12-02,171682777.0,138.88,138.83,138.63,140.45,137.825,1190903,142.6735,136.1175,126.15245
2024-12-03,164413965.0,139.4143,138.26,140.26,140.54,137.95,1062102,142.884,136.5975,126.26265000000001
2024-12-04,231224295.0,143.7471,141.995,145.14,145.79,140.29,1466018,143.1455,137.0829,126.42965
2024-12-05,172621180.0,145.2419,145.11,145.06,146.54,143.95,1149174,143.118,137.5139,126.61664999999999
2024-12-06,188505573.0,143.1125,144.6,142.44,145.7,141.31,1299248,142.796,137.8819,126.86115
2024-12-09,189308625.0,138.83,138.97,138.81,139.95,137.13,1525738,142.355,138.2301,127.03835
2024-12-10,210020888.0,137.0003,139.01,135.07,141.82,133.79,1646616,141.8455,138.5027,127.20974999999999
2024-12-11,184905192.0,138.2143,137.36,139.31,140.17,135.21,1305193,141.3965,138.94889999999998,127.36745
2024-12-12,159211393.0,137.2999,137.08,137.34,138.44,135.8,1106707,140.95,139.31869999999998,127.51495000000001
2024-12-13,231514881.0,134.9827,138.94,134.25,139.6,132.54,1756976,140.3245,139.5467,127.71495
2024-12-16,237951130.0,131.7954,134.18,132.0,134.4,130.42,1985330,139.8255,139.6883,127.91215
2024-12-17,259410263.0,129.32,129.09,130.39,131.59,126.86,2135435,139.3375,139.7417,128.08545
2024-12-18,277444533.0,132.9224,133.86,128.91,136.7,128.28,2090822,138.43249999999998,139.6621,128.25865
2024-12-19,209719210.0,131.4594,131.76,130.68,134.03,129.55,1598151,137.672,139.6227,128.52815
2024-12-20,306528553.0,133.2112,129.81,134.7,135.28,128.22,1568948,137.0735,139.62050000000002,128.70495
2024-12-23,176053506.0,138.0201,136.28,139.67,139.79,135.1201,1304145,136.9595,139.71790000000001,129.00955
2024-12-24,105156989.0,140.6896,140.0,140.22,141.9,138.65,835243,137.1695,139.7609,129.33905000000001
2024-12-26,116519090.0,139.5938,139.7,139.93,140.85,137.73,941316,137.32,139.9275,129.73385
2024-12-27,170582603.0,136.4387,138.55,137.01,139.02,134.71,1342999,137.40349999999998,139.9533,130.06144999999998
2024-12-30,167734700.0,137.9513,134.83,137.49,140.27,134.02,1347922,137.3655,139.9645,130.44725
2024-12-31,155659211.0,135.4872,138.03,134.29,138.07,133.83,1200146,137.1485,139.8903,130.74045
2025-01-02,198247166.0,137.1922,136.0,138.31,138.88,134.63,1567000,137.051,139.78230000000002,131.07605
2025-01-03,229322478.0,143.4879,140.01,144.47,144.9,139.73,1745662,137.01749999999998,139.7999,131.43055
2025-01-06,265377359.0,150.2312,148.59,149.43,152.156,147.8201,2139591,137.23600000000002,139.9973,131.76345
2025-01-07,351782174.0,143.8266,153.03,140.14,153.13,140.01,3297980,137.121,139.99190000000002,131.98405
2025-01-08,227349948.0,140.654,142.58,140.11,143.95,137.56,1983811,137.186,139.9633,132.15655
2025-01-10,207602514.0,135.9073,137.45,135.91,139.92,134.22,1832777,137.228,139.87109999999998,132.26985000000002
2025-01-13,204808914.0,131.9682,129.99,133.23,133.49,129.51,1886121,136.924,139.7107,132.30215
2025-01-14,195590485.0,132.285,136.05,131.76,136.38,130.05,1712995,136.64499999999998,139.55919999999998,132.34725
2025-01-15,185217338.0,134.8012,133.65,136.24,136.45,131.29,1417208,136.7445,139.6288,132.42465
2025-01-16,209235583.0,135.6817,138.64,133.57,138.75,133.49,1535426,136.82299999999998,139.5922,132.52295
2025-01-17,201188760.0,137.413,136.69,137.71,138.5,135.4649,1181517,137.189,139.62539999999998,132.60635
2025-01-21,197748985.0,140.1355,139.16,140.83,141.83,137.09,1541532,137.78500000000003,139.6438,132.75005000000002
2025-01-22,237651395.0,146.5478,144.66,147.07,147.79,143.67,1837719,138.60449999999997,139.673,132.93775
2025-01-23,155915549.0,145.849,145.05,147.22,147.23,143.72,1198401,139.2305,139.6398,133.15385
2025-01-24,234657635.0,144.4259,148.37,142.62,148.97,141.88,1737315,139.378,139.53959999999998,133.40415000000002
2025-01-27,818830895.0,121.4184,124.8,118.42,128.4,116.7,7844400,138.288,139.00279999999998,133.39465
2025-01-28,579666350.0,123.7213,121.81,128.99,129.0,116.25,4800280,137.74099999999999,138.61679999999998,133.60455
2025-01-29,467120640.0,123.3634,126.5,123.7,126.89,120.05,3656028,137.0755,138.1654,133.77945
2025-01-30,392925469.0,121.5534,123.1,124.65,125.0,118.1,3255609,136.43349999999998,137.7232,133.95385
2025-01-31,390372899.0,123.4788,123.78,120.07,127.85,119.19,2869782,135.7225,137.285,134.12625
2025-02-03,371235677.0,116.1012,114.75,116.66,118.57,113.01,3400289,134.64,136.81519999999998,134.22815
2025-02-04,256550040.0,119.0192,116.96,118.65,121.2,116.7,1841343,133.349,136.248,134.33365
2025-02-05,263110629.0,123.0801,121.76,124.83,125.0,120.76,1968160,132.11899999999997,135.8268,134.41285
2025-02-06,251483574.0,127.3498,127.42,128.68,128.77,125.21,1856074,131.546,135.467,134.50825
2025-02-07,228186298.0,129.0684,129.22,129.84,130.37,125.0,1778853,131.03249999999997,135.2248,134.61565000000002
2025-02-10,216989086.0,133.6324,130.09,133.57,135.0,129.96,1658356,130.9155,135.1758,134.78355
2025-02-11,178902379.0,133.1243,132.58,132.8,134.48,131.02,1292631,130.894,135.0934,134.95565
2025-02-12,160278552.0,131.1577,130.02,131.14,132.24,129.08,1245659,130.863,135.0094,135.13335
2025-02-13,197429975.0,134.677,131.555,135.29,136.5,131.17,1474254,130.8155,134.9502,135.30755
2025-02-14,195479557.0,137.5593,136.48,138.85,139.25,135.5,1410264,131.0795,134.9546,135.53605
2025-02-18,219176627.0,140.4075,141.27,139.4,143.44,137.925,1648114,131.16400000000002,134.9374,135.76745
2025-02-19,167536006.0,139.6632,139.51,139.23,141.36,137.22,1208219,131.084,134.8192,135.95105
2025-02-20,143903583.0,139.1582,140.03,140.11,140.66,136.7901,1109777,130.73600000000002,134.7202,136.11705
2025-02-21,228217585.0,137.2559,140.04,134.43,141.46,134.03,1612386,130.0965,134.56,136.22095
2025-02-24,251381137.0,133.3493,136.56,130.28,138.59,130.08,1967950,129.4795,134.3894,136.30975
2025-02-25,271428711.0,127.5477,129.98,126.63,130.2,124.44,2393749,129.89,134.2206,136.36165
2025-02-26,322553814.0,131.1421,129.985,131.28,133.73,128.49,2474759,130.0045,134.06,136.50445000000002
2025-02-27,443175846.0,125.9368,135.0,120.15,135.01,120.01,3751272,129.827,133.71620000000001,136.51745
2025-02-28,389091145.0,121.4271,118.02,124.92,125.09,116.4,3060607,129.84050000000002,133.52960000000002,136.53815
2025-03-03,411381373.0,116.8892,123.51,114.06,123.7,112.28,3664170,129.54000000000002,133.17079999999999,136.42955
2025-03-04,398163305.0,114.5249,110.645,115.99,119.31,110.11,3345028,129.50650000000002,132.88279999999997,136.31225
2025-03-05,284337886.0,116.6088,117.58,117.3,118.2781,114.51,2170862,129.43900000000002,132.6506,136.15635
2025-03-06,321181861.0,112.2833,113.53,110.57,115.35,110.22,2756085,128.726,132.24839999999998,135.93555
2025-03-07,341755468.0,111.0191,111.25,112.69,113.48,107.56,2969276,127.92649999999999,131.8082,135.71435
2025-03-10,366487363.0,107.644,109.9,106.98,111.85,105.46,3278111,126.7835,131.15439999999998,135.43615
2025-03-11,354865692.0,108.9351,106.99,108.76,112.236,104.77,3051235,125.543,130.5252,135.14305000000002
2025-03-12,323857454.0,115.1316,114.12,115.74,116.76,112.88,2583514,124.68999999999998,130.04139999999998,134.98445
2025-03-13,299033131.0,116.0206,117.03,115.58,117.76,113.79,2246590,123.91199999999999,129.6128,134.78305
2025-03-14,277593455.0,120.5099,118.61,121.67,121.88,118.15,1948613,123.231,129.2964,134.63045
2025-03-17,255501481.0,120.1355,122.74,119.53,122.89,118.03,1950225,122.26500000000001,129.0012,134.44574999999998
2025-03-18,299686944.0,116.4674,118.0,115.43,119.02,114.54,2211483,121.06649999999999,128.5436,134.16295
2025-03-19,273426225.0,117.8517,117.27,117.52,120.445,115.68,1865150,119.981,128.0046,133.90225
2025-03-20,248829749.0,118.6396,116.55,118.53,120.2,116.47,1579521,118.902,127.3866,133.69195000000002
2025-03-21,266498528.0,117.0709,116.94,117.7,117.99,115.42,1393384,118.0655,126.93779999999998,133.46484999999998
2025-03-24,228452534.0,121.2133,119.88,121.41,122.22,119.34,1481319,117.62199999999999,126.56380000000001,133.26355
2025-03-25,167447198.0,120.3559,120.545,120.69,121.29,118.92,1190382,117.325,126.2594,133.06525
2025-03-26,296431667.0,114.7507,118.73,113.76,118.84,112.71,2420079,116.449,125.87,132.79035
2025-03-27,236902055.0,112.2753,111.35,111.43,114.45,110.66,1790812,116.01299999999999,125.46340000000001,132.5113
2025-03-28,229872549.0,110.1685,111.485,109.67,112.87,109.0701,1847538,115.25049999999999,124.93199999999999,132.28040000000001
2025-03-31,299212653.0,106.1724,105.13,108.38,110.955,103.65,2328692,114.9665,124.4282,132.0102
2025-04-01,222614034.0,108.67,108.515,110.15,110.2,106.47,1780615,114.67450000000001,123.87700000000001,131.75119999999998
2025-04-02,220601243.0,109.5028,107.29,110.42,111.98,106.79,1721288,114.3305,123.26880000000001,131.4563
2025-04-03,338769412.0,103.3634,103.51,101.8,105.63,101.6,3041140,113.89200000000001,122.3634,131.0182
2025-04-04,532273810.0,95.3341,98.91,94.31,100.13,92.11,4607015,112.973,121.3052,130.4725
2025-04-07,611041347.0,94.8997,87.46,97.64,101.75,86.62,5164576,112.50600000000001,120.4056,129.9726
2025-04-08,476243392.0,100.8254,103.805,96.3,105.85,94.46,3957084,111.883,119.9632,129.483
2025-04-09,612918336.0,106.7507,98.89,114.33,115.1,97.5301,4970682,111.8125,119.67,129.1434
2025-04-10,437812353.0,107.6506,109.37,107.57,110.86,99.15,3646231,111.412,119.3474,128.75639999999999
2025-04-11,313417265.0,109.8123,108.5,110.93,111.5499,107.48,2349313,110.875,119.073,128.3981
2025-04-14,264705049.0,111.5964,114.11,110.71,114.29,109.07,2091367,110.434,118.8858,128.0854
2025-04-15,228966900.0,111.6971,110.97,112.2,113.615,110.5,1711150,110.27250000000001,118.79660000000001,127.80590000000001
2025-04-16,397016870.0,103.8278,104.55,104.49,106.79,100.45,2997727,109.62100000000001,118.5134,127.38069999999999
2025-04-17,292517465.0,101.6537,104.45,101.49,104.47,100.05,1987627,108.769,118.0466,126.9367
2025-04-21,288501136.0,96.4951,98.77,96.91,99.44,95.04,2351668,107.7295,117.4112,126.4391
2025-04-22,241004784.0,98.7544,98.78,98.89,99.811,97.28,1773406,106.60350000000001,116.79220000000001,126.00849999999998
2025-04-23,247525971.0,103.48,104.52,102.71,104.8,102.02,2016301,105.70450000000001,116.175,125.67540000000001
2025-04-24,220815041.0,105.4923,103.475,106.43,106.54,103.11,1528996,105.338,115.64759999999998,125.3705
2025-04-25,251064672.0,109.5283,106.85,111.01,111.92,105.73,1849919,105.31699999999998,115.245,125.12720000000002
2025-04-28,207708479.0,108.0332,109.69,108.73,110.3699,106.02,1513027,105.27000000000001,114.7138,124.83200000000001
2025-04-29,170444263.0,108.9227,107.67,109.02,110.1999,107.44,1235756,105.30199999999999,114.1172,124.5359
2025-04-30,235044611.0,107.2626,104.47,108.92,108.92,104.08,1634087,105.2405,113.5076,124.2225
2025-05-01,236121507.0,113.1112,113.08,111.61,114.94,111.3,1766590,105.3,112.9552,123.88719999999999
2025-05-02,190194778.0,114.3678,114.18,114.5,115.4,113.37,1398564,105.93499999999999,112.443,123.5816
2025-05-05,133163241.0,113.8042,112.905,113.82,114.665,112.66,965139,106.9105,112.0308,123.29539999999999
2025-05-06,158525621.0,112.9631,111.48,113.54,114.74,110.822,1085874,107.7055,111.696,123.04270000000001
2025-05-07,207827821.0,114.703,113.045,117.06,117.68,112.2818,1511659,108.7435,111.5046,122.8626
2025-05-08,198428122.0,117.6204,118.25,117.37,118.68,115.85,1477589,108.8955,111.22640000000001,122.6432
2025-05-09,132972189.0,116.7184,117.35,116.65,118.23,115.21,1062245,109.3495,111.15639999999999,122.43629999999999
2025-05-12,225023345.0,122.1084,121.97,123.0,123.0,120.28,1681722,109.953,111.118,122.32379999999999
2025-05-13,330430105.0,129.169,124.98,129.93,131.2189,124.47,2570463,110.91399999999999,111.43540000000002,122.3031
2025-05-14,281180830.0,134.158,133.195,135.34,135.435,131.68,2234234,112.071,111.8224,122.3526
2025-05-15,226632563.0,134.5073,134.295,134.83,136.3,132.66,1837533,113.588,112.17300000000002,122.4118
2025-05-16,226542451.0,135.2387,136.22,135.4,136.35,133.46,1596615,115.2835,112.6696,122.459
2025-05-19,193154571.0,134.7237,132.39,135.57,135.87,132.39,1473589,117.21650000000002,113.12719999999999,122.46770000000001
2025-05-20,161514247.0,133.8287,134.29,134.38,134.58,132.62,1239389,118.99099999999999,113.6752,122.41480000000001
2025-05-21,270608738.0,133.9106,133.06,131.8,137.4,130.59,2066168,120.4455,114.13600000000001,122.33059999999999
2025-05-22,187343954.0,133.117,132.23,132.83,134.25,131.55,1424631,121.7655,114.4778,122.25959999999999
2025-05-23,198821324.0,131.0823,130.0,131.29,132.68,129.16,1609459,122.77950000000001,114.792,122.20240000000001
2025-05-27,192953613.0,135.0118,134.15,135.5,135.66,133.31,1516016,124.11800000000001,115.0686,122.1825
2025-05-28,304021146.0,136.8472,136.025,134.81,137.25,134.79,2340157,125.4075,115.3742,122.1877
2025-05-29,370615167.0,140.642,142.245,139.19,143.49,137.91,2927744,126.921,115.8494,122.19650000000001
2025-05-30,333170851.0,135.4877,138.715,135.13,139.62,132.92,2308966,128.097,116.2016,122.1031
2025-06-02,197663116.0,137.0283,135.49,137.38,138.12,135.4,1475418,129.241,116.57860000000001,121.98259999999999
2025-06-03,225578783.0,140.8842,138.78,141.22,142.0,137.95,1702343,130.611,117.04900000000002,121.99340000000001
2025-06-04,167120819.0,141.3127,142.19,141.92,142.39,139.545,1315997,132.03,117.4592,122.0115
2025-06-05,232410759.0,141.3967,142.17,139.99,144.0,138.83,1874299,133.17649999999998,117.8452,122.0523
2025-06-06,153986153.0,142.1551,142.51,141.72,143.27,141.51,1312670,134.394,118.40439999999998,122.13719999999999
2025-06-09,185114494.0,143.2169,143.19,142.63,145.0,141.94,1524850,135.693,119.0284,122.2459
2025-06-10,155881897.0,143.0962,142.69,143.96,144.29,141.525,1257371,136.741,119.7142,122.3231
2025-06-11,167694044.0,143.4853,144.61,142.83,144.99,141.87,1429440,137.38600000000002,120.4032,122.4157
2025-06-12,162364991.0,144.2469,141.97,145.0,145.0,141.85,1303436,137.869,121.10019999999999,122.4886
2025-06-13,180820565.0,142.3023,142.48,141.97,143.58,140.855,1479208,138.226,121.73119999999999,122.5
2025-06-16,183133666.0,144.8995,143.345,144.69,146.175,143.2001,1517104,138.6905,122.58900000000001,122.47619999999999
2025-06-17,139108000.0,144.4918,144.49,144.12,145.22,143.78,1141208,139.118,123.5852,122.4452
2025-06-18,161494121.0,144.9758,144.005,145.48,145.65,143.12,1201971,139.673,124.54199999999999,122.4738
2025-06-20,242956157.0,144.2952,145.45,143.85,146.2,142.65,1438639,140.2755,125.49300000000001,122.7281
2025-06-23,154308941.0,143.7706,142.5,144.17,144.78,142.03,1320018,140.8425,126.08980000000001,122.87989999999999
2025-06-24,187566121.0,147.1933,145.56,147.9,147.96,145.5,1346281,141.673,126.8964,123.12190000000001
2025-06-25,269146471.0,152.4376,149.27,154.31,154.45,149.26,2184995,142.6135,127.76400000000001,123.41850000000001
2025-06-26,198145746.0,155.5436,155.975,155.02,156.715,154.0,1690317,143.624,128.6502,123.76799999999999
2025-06-27,263234539.0,157.1898,156.04,157.75,158.71,155.255,1716736,144.552,129.56119999999999,124.1789
2025-06-30,194580316.0,157.6616,158.4,157.99,158.66,155.96,1378079,145.695,130.63119999999998,124.5723
2025-07-01,213143621.0,153.9516,156.29,153.3,157.2,151.49,1737082,146.49099999999999,131.6674,124.85700000000001
2025-07-02,171224111.0,156.296,152.98,157.25,157.6,152.97,1372619,147.2925,132.8742,125.1427
2025-07-03,143716055.0,159.371,158.37,159.34,160.98,157.77,1132040,148.1635,134.0832,125.4377
2025-07-07,140138975.0,158.2928,158.2,158.24,159.31,157.342,1224694,149.07600000000002,135.19379999999998,125.68440000000001
2025-07-08,138133025.0,159.4709,159.33,160.0,160.22,158.39,1122687,149.99,136.2652,125.95640000000002
2025-07-09,183656443.0,163.0483,161.22,162.88,164.42,161.16,1498691,151.0025,137.3026,126.2738
2025-07-10,167704075.0,163.3578,164.32,164.1,164.5,161.61,1476840,152.00949999999997,138.41,126.56190000000001
2025-07-11,193633263.0,165.9535,163.715,164.92,167.89,163.47,1615907,153.11399999999998,139.52800000000002,126.82260000000001
2025-07-14,136975754.0,164.2747,165.37,164.07,165.49,162.02,1358105,154.0675,140.631,127.0693
2025-07-15,230627350.0,170.9333,171.19,170.7,172.4,169.195,2183797,155.504,141.8128,127.38400000000001
2025-07-16,158831509.0,170.5912,171.06,171.37,171.75,168.9,1514668,156.83800000000002,142.9502,127.6966
2025-07-17,160841119.0,173.0364,172.02,173.0,174.16,170.83,1533394,158.282,144.13379999999998,128.0823
2025-07-18,146456416.0,172.5624,173.64,172.41,174.25,171.26,1302166,159.6285,145.31119999999999,128.50359999999998
2025-07-21,123126136.0,172.206,172.75,171.38,173.38,171.0,1178507,161.00500000000002,146.3976,128.9511
2025-07-22,193114327.0,167.456,171.34,167.03,171.39,164.58,1953391,162.148,147.3908,129.30859999999998
2025-07-23,154082197.0,169.7986,169.53,170.78,171.26,167.97,1400560,163.292,148.4734,129.8149
2025-07-24,128984628.0,173.0158,172.44,173.74,173.83,171.3,1170230,164.2635,149.4882,130.3031
2025-07-25,122316792.0,173.8632,173.61,173.5,174.72,172.96,1042861,165.1875,150.3596,130.8975
2025-07-28,140023521.0,175.5154,174.02,176.75,177.0,173.97,1198494,166.1375,151.1878,131.5051
2025-07-29,154077512.0,177.0364,177.96,175.51,179.38,175.02,1429004,167.0135,152.0014,132.0872
2025-07-30,174312208.0,178.864,176.51,179.27,179.89,176.04,1587077,168.312,152.87879999999998,132.7742
2025-07-31,221685446.0,179.6528,182.9,177.87,183.3,175.93,1998696,169.34300000000002,153.72480000000002,133.42600000000002
2025-08-01,204528985.0,173.8656,174.09,173.72,176.54,170.89,2249947,170.06199999999998,154.5116,134.0934
2025-08-04,148174609.0,178.3605,175.16,180.0,180.2,174.52,1439334,171.15,155.4756,134.8058
2025-08-05,156407621.0,178.2175,179.62,178.26,180.26,175.9,1524707,172.063,156.3842,135.43099999999998
2025-08-06,137192265.0,178.5055,176.325,179.42,179.9,176.25,1293254,172.89000000000001,157.3468,136.06939999999997
2025-08-07,151878365.0,181.316,181.57,180.77,183.88,178.795,1473526,173.7235,158.2522,136.66039999999998
2025-08-08,123396679.0,182.4113,181.55,182.7,183.3,180.4,1165166,174.6125,159.21,137.2921
2025-08-11,138323191.0,182.5374,182.05,182.06,183.84,180.25,1353390,175.512,160.0674,137.9584
2025-08-12,145729202.0,182.0736,182.96,183.16,184.48,179.46,1405944,176.13500000000002,161.028,138.6148
2025-08-13,179871724.0,181.4275,182.615,181.59,183.97,179.35,1728366,176.646,161.91219999999998,139.2454
2025-08-14,129553959.0,181.7677,179.75,182.02,183.02,179.46,1250340,177.09699999999998,162.7282,139.8886
2025-08-15,156602161.0,179.9164,181.88,180.45,181.9,178.0417,1419301,177.499,163.49880000000002,140.47899999999998
2025-08-18,132007959.0,181.8389,180.6,182.01,182.9375,180.59,1168938,178.0305,164.33919999999998,141.0922
2025-08-19,185229219.0,177.7826,182.43,175.64,182.5,175.49,1951842,178.461,165.01760000000002,141.711
2025-08-20,215142725.0,172.5734,175.165,175.4,176.0,168.801,2388144,178.69199999999998,165.673,142.3507
2025-08-21,140040850.0,175.1073,174.85,174.98,176.9,173.81,1256591,178.754,166.2934,143.00379999999998
2025-08-22,172789427.0,176.7929,172.61,177.99,178.59,171.2,1562775,178.9785,166.9966,143.69989999999999
2025-08-25,163012789.0,180.0269,178.35,179.81,181.91,176.57,1505102,179.13150000000002,167.69279999999998,144.3965
2025-08-26,168688186.0,181.2551,180.055,181.77,182.39,178.81,1306126,179.4445,168.48879999999997,145.11
2025-08-27,235518949.0,180.5257,181.98,181.6,182.49,179.1,2197550,179.56099999999998,169.227,145.908
2025-08-28,281787824.0,179.8145,180.82,180.17,184.47,176.41,2761160,179.676,169.94799999999998,146.7666
2025-08-29,243257873.0,174.5406,178.11,174.18,178.15,173.145,2419823,179.699,170.52200000000002,147.532
